{"cameraMode":{"drawMode":0,"name":"Shaded","section":"Shading Mode"},"sceneLighting":true,"audioPlay":false,"sceneViewState":{"m_AlwaysRefresh":false,"showFog":true,"showSkybox":true,"showFlares":true,"showImageEffects":true,"showParticleSystems":true,"showVisualEffectGraphs":true,"m_FxEnabled":true},"in2DMode":false,"pivot":{"x":-5.479155540466309,"y":5.263254642486572,"z":0.8159363865852356},"rotation":{"x":0.11477401107549668,"y":-0.05480663478374481,"z":0.006362079177051783,"w":0.9919028878211975},"size":9.980870246887207,"orthographic":true}