{"cameraMode":{"drawMode":0,"name":"Shaded","section":"Shading Mode"},"sceneLighting":true,"audioPlay":false,"sceneViewState":{"m_AlwaysRefresh":false,"showFog":true,"showSkybox":true,"showFlares":true,"showImageEffects":true,"showParticleSystems":true,"showVisualEffectGraphs":true,"m_FxEnabled":true},"in2DMode":false,"pivot":{"x":-2.5547404289245607,"y":0.4999997913837433,"z":11.679171562194825},"rotation":{"x":0.22598697245121003,"y":-0.02103567309677601,"z":0.004903662949800491,"w":0.9739387035369873},"size":14.010937690734864,"orthographic":true}